{
  "documents": [
    {
      "content": "# Contra Costa County Childcare Programs\n\n## CocoKids\nPrimary R&R and Alternative Payment provider.\n\n## Key Contacts\n- **CocoKids**: (925) 676-5437\n- **Contra Costa Employment & Human Services**: (877) 505-4630\n\n## Programs Available\n- CalWORKs Stages 1-3\n- Alternative Payment Program\n- State Preschool partnerships\n- Head Start programs\n\n## Geographic Coverage\n- West County (Richmond, El Cerrito)\n- Central County (Walnut Creek, Concord)\n- East County (Antioch, Brentwood)\n\n## Special Resources\n- First 5 Contra Costa quality programs\n- School district preschools\n- Community college child development centers\n\n## Wait List Information\n- Varies by area within county\n- Urban areas: 8-16 months typical\n- Update contact info regularly\n\n## Unique Features\n- Diverse communities with varied needs\n- Military family support (Mare Island nearby)\n- Strong family childcare network",
      "metadata": {
        "category": "County Deep Dives",
        "subcategory": "Contra Costa",
        "topic": "Contra Costa County Childcare Programs"
      }
    },
    {
      "content": "# Ventura County Childcare Programs\n\n## Child Development Resources\nPrimary R&R for Ventura County.\n\n## Key Contacts\n- **CDR**: (805) 485-7878\n- **Ventura County HSA**: (866) 846-1602\n\n## Programs\n- CalWORKs Child Care\n- Alternative Payment Program\n- State Preschool\n- Head Start (VCCDC)\n\n## Coverage Areas\n- Ventura, Oxnard, Camarillo\n- Thousand Oaks, Simi Valley\n- Fillmore, Santa Paula (agricultural)\n\n## Special Considerations\n- Military families (Naval Base Ventura County)\n- Agricultural worker childcare\n- Coastal and inland variation in availability\n\n## Resources\n- First 5 Ventura County\n- Ventura County Community College child development\n- School district programs\n\n## Migrant Programs\nAgricultural areas have:\n- Migrant Head Start\n- Migrant Alternative Payment\n- Bilingual services\n\n## Wait Times\n- Coastal areas: 6-12 months\n- Inland areas: May vary",
      "metadata": {
        "category": "County Deep Dives",
        "subcategory": "Ventura",
        "topic": "Ventura County Childcare Programs"
      }
    },
    {
      "content": "# San Mateo County Childcare Programs\n\n## 4Cs of San Mateo County\nPrimary R&R and AP provider.\n\n## Key Contacts\n- **4Cs San Mateo**: (650) 517-1460\n- **San Mateo County HSA**: (800) 223-8383\n\n## High Cost Area\nSan Mateo is one of California's most expensive areas for childcare.\n\n### Typical Monthly Costs\n- Infant: $2,800-4,000\n- Toddler: $2,200-3,200\n- Preschool: $1,800-2,800\n\n## Programs Available\n- CalWORKs Stages 1-3\n- Alternative Payment Program\n- Big Lift (local preschool initiative)\n- Head Start\n\n## Big Lift Initiative\n- County investment in preschool\n- Free high-quality preschool\n- Multiple locations\n- Income eligibility varies\n\n## Special Resources\n- Tech company childcare benefits\n- Stanford University programs nearby\n- Strong family childcare network\n\n## Wait List\nLonger waits due to:\n- High demand\n- High costs limit provider availability\n- Expect 12-24 months",
      "metadata": {
        "category": "County Deep Dives",
        "subcategory": "San Mateo",
        "topic": "San Mateo County Childcare Programs"
      }
    },
    {
      "content": "# Kern County Childcare Programs\n\n## Community Connection for Child Care\nPrimary R&R for Kern County.\n\n## Key Contacts\n- **CCCC**: (661) 861-5200\n- **Kern County DHS**: (800) 560-1515\n\n## Programs\n- CalWORKs Child Care\n- Alternative Payment\n- State Preschool\n- Head Start (CAP-K)\n- Migrant Head Start\n\n## Geographic Considerations\n- Bakersfield metro area\n- Agricultural communities\n- Remote areas (Tehachapi, Ridgecrest)\n- Diverse needs across county\n\n## Agricultural Focus\n- Large migrant worker population\n- Seasonal childcare needs\n- Bilingual services essential\n- Flexible scheduling\n\n## Military Presence\n- Edwards Air Force Base\n- China Lake Naval Weapons Center\n- Military family programs\n\n## Resources\n- First 5 Kern\n- Kern Community College District\n- CAP-K Head Start\n\n## Wait Times\n- Urban Bakersfield: 6-12 months\n- Rural areas: Variable, some availability",
      "metadata": {
        "category": "County Deep Dives",
        "subcategory": "Kern",
        "topic": "Kern County Childcare Programs"
      }
    },
    {
      "content": "# San Joaquin County Childcare Programs\n\n## San Joaquin County Office of Education - Choices\nPrimary childcare program administrator.\n\n## Key Contacts\n- **Choices Program**: (209) 468-9090\n- **San Joaquin HSA**: (888) 600-2271\n\n## Programs Available\n- CalWORKs Stages 1-3\n- Alternative Payment Program\n- State Preschool\n- Head Start\n\n## Coverage Areas\n- Stockton\n- Tracy, Manteca\n- Lodi\n- Rural communities\n\n## Unique Characteristics\n- Growing commuter population (Bay Area commuters)\n- Agricultural communities\n- Diverse population\n- Affordable compared to Bay Area\n\n## Child Care Shortage\nRapid population growth has created:\n- Provider shortages in some areas\n- Wait lists for quality programs\n- Need for more infant care\n\n## Resources\n- First 5 San Joaquin\n- San Joaquin Delta College child development\n- Community Action Agency\n\n## Tips for Families\n- Apply early\n- Consider Tracy/Manteca for Bay Area commuters\n- Rural areas may have availability",
      "metadata": {
        "category": "County Deep Dives",
        "subcategory": "San Joaquin",
        "topic": "San Joaquin County Childcare Programs"
      }
    },
    {
      "content": "# Sonoma County Childcare Programs\n\n## 4Cs of Sonoma County\nPrimary R&R and AP provider.\n\n## Key Contacts\n- **4Cs Sonoma**: (707) 544-3077\n- **Sonoma County Human Services**: (877) 699-6868\n\n## Programs\n- CalWORKs Child Care\n- Alternative Payment Program\n- State Preschool\n- Head Start\n\n## Geographic Coverage\n- Santa Rosa metro\n- Petaluma\n- Healdsburg, Windsor\n- Sonoma Valley\n- Coastal (Bodega Bay area)\n\n## Disaster Recovery\nPost-wildfire considerations:\n- Some programs relocated\n- Increased need after fires\n- Emergency childcare resources\n- Trauma-informed care emphasis\n\n## Wine Country Economy\n- Tourism/hospitality worker childcare needs\n- Agricultural (viticulture) seasonal needs\n- Non-traditional hours common\n\n## Resources\n- First 5 Sonoma\n- Santa Rosa Junior College child development\n- Quality Counts Sonoma (QRIS)\n\n## Wait Times\n- Varies significantly by area\n- Santa Rosa: 8-16 months\n- Rural: May have some availability",
      "metadata": {
        "category": "County Deep Dives",
        "subcategory": "Sonoma",
        "topic": "Sonoma County Childcare Programs"
      }
    },
    {
      "content": "# Monterey County Childcare Programs\n\n## United Way Monterey County\nManages childcare resource and referral.\n\n## Key Contacts\n- **United Way Childcare Resources**: (831) 757-5137\n- **Monterey County DSS**: (888) 809-8086\n\n## Programs\n- CalWORKs Child Care\n- Alternative Payment Program\n- State Preschool\n- Head Start\n- Migrant Head Start (significant)\n\n## Agricultural Community\nMonterey County has one of California's largest agricultural economies.\n\n### Migrant Programs\n- Migrant Head Start centers\n- Migrant Alternative Payment\n- Seasonal flexibility\n- Bilingual staff\n\n## Geographic Areas\n- Salinas (largest city)\n- Monterey Peninsula\n- South County agricultural\n- Big Sur coast (limited)\n\n## Special Considerations\n- Migrant worker family services prominent\n- Multiple language needs\n- Tourism economy on Peninsula\n- Agricultural schedule flexibility\n\n## Resources\n- First 5 Monterey\n- Hartnell College child development\n- CSUMB programs\n\n## Wait Times\n- Salinas: 6-12 months\n- Peninsula: 12-18 months (higher cost area)",
      "metadata": {
        "category": "County Deep Dives",
        "subcategory": "Monterey",
        "topic": "Monterey County Childcare Programs"
      }
    },
    {
      "content": "# Tulare County Childcare Programs\n\n## Tulare County Office of Education - First 5\nCoordinates early childhood programs.\n\n## Key Contacts\n- **TCOE Early Childhood**: (559) 651-0677\n- **Tulare County HHSA**: (559) 713-5000\n\n## Programs\n- CalWORKs Child Care\n- Alternative Payment Program\n- State Preschool\n- Head Start (CSET)\n- Migrant Head Start\n\n## Agricultural Focus\nTulare County is California's top agricultural producer.\n\n### Worker Support\n- Extensive migrant programs\n- Seasonal schedule accommodation\n- Multiple language services\n- Rural outreach\n\n## Geographic Coverage\n- Visalia (county seat)\n- Tulare, Porterville\n- Lindsay, Dinuba\n- Small agricultural communities\n\n## Challenges\n- Large rural area\n- Transportation barriers\n- Provider shortages in some areas\n- Poverty rates above state average\n\n## Resources\n- First 5 Tulare\n- College of the Sequoias child development\n- Community Services Employment Training (CSET)\n\n## Wait Times\n- Generally shorter than urban areas\n- Some programs have availability\n- Migrant programs well-established",
      "metadata": {
        "category": "County Deep Dives",
        "subcategory": "Tulare",
        "topic": "Tulare County Childcare Programs"
      }
    },
    {
      "content": "# Placer County Childcare Programs\n\n## KidZCommunity (Child Action)\nServes Placer County R&R needs.\n\n## Key Contacts\n- **KidZCommunity**: (530) 889-2999\n- **Placer County HHS**: (888) 886-5401\n\n## Programs\n- CalWORKs Child Care\n- Alternative Payment Program\n- State Preschool\n- Head Start\n\n## Geographic Coverage\n- Roseville, Rocklin (growing suburban)\n- Auburn, Colfax (Sierra foothills)\n- Lincoln, Loomis\n- Tahoe area (seasonal)\n\n## Growing Region\nPlacer County is one of California's fastest growing:\n- Childcare demand increasing\n- New providers emerging\n- Infrastructure developing\n\n## Resort Area Considerations\nTahoe region:\n- Seasonal employment childcare needs\n- Tourism worker schedules\n- Limited year-round options\n- Higher costs in resort areas\n\n## Resources\n- First 5 Placer\n- Sierra College child development\n- Placer County Office of Education\n\n## Wait Times\n- Roseville area: 8-16 months\n- Auburn: 4-10 months\n- Tahoe: Variable, seasonal",
      "metadata": {
        "category": "County Deep Dives",
        "subcategory": "Placer",
        "topic": "Placer County Childcare Programs"
      }
    },
    {
      "content": "# Santa Barbara County Childcare Programs\n\n## Children's Resource & Referral\nPrimary R&R for Santa Barbara County.\n\n## Key Contacts\n- **CR&R**: (805) 962-8988\n- **Santa Barbara County DSS**: (805) 681-4401\n\n## Programs\n- CalWORKs Child Care\n- Alternative Payment Program\n- State Preschool\n- Head Start\n- Migrant programs\n\n## Geographic Areas\n- Santa Barbara city (high cost)\n- Goleta, Carpinteria\n- Santa Maria (north county)\n- Lompoc, Solvang\n\n## Dual Economy\n\n### South County (Santa Barbara)\n- High cost of living\n- University community (UCSB)\n- Tourism workers\n- High childcare costs\n\n### North County (Santa Maria)\n- Agricultural economy\n- Migrant worker services\n- More affordable\n- Different provider landscape\n\n## Resources\n- First 5 Santa Barbara\n- SBCC and Hancock College child development\n- Family Service Agency\n\n## Wait Times\n- South County: 12-24 months\n- North County: 6-12 months",
      "metadata": {
        "category": "County Deep Dives",
        "subcategory": "Santa Barbara",
        "topic": "Santa Barbara County Childcare Programs"
      }
    }
  ]
}
